{
    "content":[
        {
            "text":"tlu;a tl ldf,l nv.sks Wk kßfhla ysáhd' thd lkak fohla fydhd.kak yeu;eku weúoaod' tA;a thdg uql=;a yïnqfka kE' thd ysáfha f.dvla uykais fj,d'",
            "image":"1.jpg"
        },
        {
            "text":"fufyu weúof.k hkfldg fuhdg yïnqkd ñÈ j;a;la' tA j;af;a ;snqk ñÈ je,l Wvu fyd|g bÿKq fuÈ fmdl=rla ;snqkd' tA;a tAl lvd.kak kßhd Wi kE'",
            "image":"2.jpg"
        },
        {
            "text":"kßhd l,amkd l,d' fldfyduo fï ñÈ fmdl=r lvd.kafk lsh,d' b;ska thd ñÈ fmdl=r lvd.kak ys;df.k yhsfhka Wv mekakd' tA;a ñÈ fmdl=r lvd.kak neß Wkd' kßhd wdfh;a Wv mekakd' tA;a ñÈ fmdl=r lvd.kak neß Wkd' thd f.dvdla uykais fjklkau W;aidy l,d' tA;a ñÈ fmdl=r lvd.kakkï neß Wkd'",
            "image":"3.jpg"
        },
        {
            "text":"oeka kßhg fyd|gu uykaishs' thd wdfh;a ñÈ fmdl=r Èyd n,df.k fufyu lsõjd' —fï ñÈ fldfydu;a f.dvla weUq,a we;s' ug nE fïj lkak—' fufyu lsh,d kßhd wE;g weúof.k hkak .shd'",
            "image":"4.jpg"
        }
    ]
}